{
	"@metadata": {
		"authors": [
			"Alfiya55",
			"Ләйсән"
		]
	},
	"VARIABLES_DEFAULT_NAME": "элемент",
	"TODAY": "Бөгөн",
	"DUPLICATE_BLOCK": "Күсереп алырға",
	"ADD_COMMENT": "Фекер өҫтәргә",
	"REMOVE_COMMENT": "Аңлатмаларҙы юйырға",
	"EXTERNAL_INPUTS": "Тышҡы өҫтәлмә",
	"INLINE_INPUTS": "Эске өҫтәлмә",
	"DELETE_BLOCK": "Блокты юйҙырырға",
	"DELETE_X_BLOCKS": " %1 блокты юйҙырырға",
	"DELETE_ALL_BLOCKS": "Бөтә %1 блоктарҙы юйырғамы?",
	"CLEAN_UP": "Блоктарҙы таҙартырға",
	"COLLAPSE_BLOCK": "Блокты төрөргә",
	"COLLAPSE_ALL": "Блоктарҙы төрөргә",
	"EXPAND_BLOCK": "Блокты йәйергә",
	"EXPAND_ALL": "Блоктарҙы йәйергә",
	"DISABLE_BLOCK": "Блокты һүндерергә",
	"ENABLE_BLOCK": "Блокты тоҡандырырға",
	"HELP": "Ярҙам",
	"CHAT": "Был яланды тултырғанда, хеҙмәттәшегеҙ менән аралашығыҙ",
	"AUTH": "Зинһар, эшегеҙҙе һаҡлап һәм уның менән артабан уртаҡлашыу мөмкин булһын өсөн, был ҡушымтаны танытып ҡуйығыҙ.",
	"ME": "Миңә",
	"CHANGE_VALUE_TITLE": "Мәғәнәне үҙгәртегеҙ:",
	"NEW_VARIABLE": "Яңы үҙгәреүсән...",
	"NEW_VARIABLE_TITLE": "Яңы үҙгәреүсәндең исеме:",
	"RENAME_VARIABLE": "Үҙгәреүсәндең исемен алмаштырырға...",
	"RENAME_VARIABLE_TITLE": "Бөтә '%1' үҙгәреүсәндәрҙең исемен ошолай алмаштырырға:",
	"COLOUR_PICKER_HELPURL": "https://en.wikipedia.org/wiki/Төҫ",
	"COLOUR_PICKER_TOOLTIP": "Палитранан төҫ һайлағыҙ.",
	"COLOUR_RANDOM_TITLE": "осраҡлы төҫ",
	"COLOUR_RANDOM_TOOLTIP": "Төҫтө осраҡлылыҡ буйынса һайлай.",
	"COLOUR_RGB_TITLE": "ошонан төҫ",
	"COLOUR_RGB_RED": "ҡыҙылдан",
	"COLOUR_RGB_GREEN": "йәшелдән",
	"COLOUR_RGB_BLUE": "зәңгәр",
	"COLOUR_RGB_TOOLTIP": "Бирелгән нисбәттәрҙә ҡыҙылдан, йәшелдән һәм зәңгәрҙән төҫ барлыҡҡа килә. Бөтә мәғәнәләр 0 менән 100 араһында булырға тейеш.",
	"COLOUR_BLEND_TITLE": "ҡатнаштырырға",
	"COLOUR_BLEND_COLOUR1": "1-се төҫ",
	"COLOUR_BLEND_COLOUR2": "2-се төҫ",
	"COLOUR_BLEND_RATIO": "1-се төҫтөң өлөшө",
	"COLOUR_BLEND_TOOLTIP": "Ике төҫтө бирелгән нисбәттә болғата (0.0 - 1.0).",
	"CONTROLS_REPEAT_HELPURL": "https://en.wikipedia.org/wiki/Цикл_(программалау)",
	"CONTROLS_REPEAT_TITLE": " %1 тапҡыр ҡабатларға",
	"CONTROLS_REPEAT_INPUT_DO": "үтәргә",
	"CONTROLS_REPEAT_TOOLTIP": "Командаларҙы бер нисә тапҡыр үтәй.",
	"CONTROLS_WHILEUNTIL_OPERATOR_WHILE": "ҡабатларға, әлегә",
	"CONTROLS_WHILEUNTIL_OPERATOR_UNTIL": "ҡабатларға, әлегә юҡ",
	"CONTROLS_WHILEUNTIL_TOOLTIP_WHILE": "Мәғәнә дөрөҫ булғанда, командаларҙы ҡабатлай.",
	"CONTROLS_WHILEUNTIL_TOOLTIP_UNTIL": "Мәғәнә ялған булғанда, командаларҙы ҡабатлай.",
	"CONTROLS_FOR_TOOLTIP": "Үҙгәреүсәнгә башынан аҙағына тиклем тәғәйен аҙым менән %1 мәғәнәне бирә һәм күрһәтелгән командаларҙы үтәй.",
	"CONTROLS_FOREACH_TOOLTIP": "Исемлектәге һәр элемент өсөн үҙгәреүсәнгә элементтың '%1' мәғәнәһен бирә һәм күрһәтелгән командаларҙы үтәй.",
	"CONTROLS_FLOW_STATEMENTS_OPERATOR_BREAK": "циклдан сығырға",
	"CONTROLS_FLOW_STATEMENTS_OPERATOR_CONTINUE": "циклдың киләһе аҙымына күсергә",
	"CONTROLS_FLOW_STATEMENTS_TOOLTIP_BREAK": "Был циклды өҙә.",
	"CONTROLS_FLOW_STATEMENTS_TOOLTIP_CONTINUE": "Циклдың ҡалдығын төшөрөп ҡалдыра һәм киләһе аҙымға күсә.",
	"CONTROLS_FLOW_STATEMENTS_WARNING": "Иҫкәртеү: был блок цикл эсендә генә ҡулланыла ала.",
	"CONTROLS_IF_TOOLTIP_1": "Мәғәнә дөрөҫ булғанда, командаларҙы үтәй.",
	"CONTROLS_IF_TOOLTIP_2": "Шарт дөрөҫ булғанда, командаларҙың беренсе блогын үтәй. Улай булмаһа, командаларҙың икенсе блогы үтәлә.",
	"CONTROLS_IF_TOOLTIP_3": "Беренсе шарт дөрөҫ булһа, командаларҙың беренсе блогын үтәй. Икенсе шарт дөрөҫ булһа, командаларҙың икенсе блогын үтәй.",
	"CONTROLS_IF_TOOLTIP_4": "Беренсе шарт дөрөҫ булһа, командаларҙың беренсе блогын үтәй. Әгәр икенсе шарт дөрөҫ булһа, командаларҙың икенсе блогын үтәй. Бер шарт та дөрөҫ булмаһа, команда блоктарының һуңғыһын үтәй.",
	"CONTROLS_IF_MSG_IF": "әгәр",
	"CONTROLS_IF_MSG_ELSEIF": "юғиһә, әгәр",
	"CONTROLS_IF_MSG_ELSE": "юғиһә",
	"CONTROLS_IF_IF_TOOLTIP": "\"Әгәр\" блогын ҡабаттан төҙөү өсөн киҫәктәрҙе өҫтәгеҙ, юйҙырығыҙ, урындарын алмаштырығыҙ.",
	"CONTROLS_IF_ELSEIF_TOOLTIP": "\"Әгәр\" блогына шарт өҫтәй",
	"CONTROLS_IF_ELSE_TOOLTIP": "Бер шарт та дөрөҫ булмаған осраҡҡа йомғаҡлау ярҙамсы блогын өҫтәргә.",
	"LOGIC_COMPARE_HELPURL": "https://en.wikipedia.org/wiki/Inequality_(математика)",
	"LOGIC_COMPARE_TOOLTIP_EQ": "Өҫтәмәләр тигеҙ булһа, дөрөҫ мәғәнәһен кире ҡайтара.",
	"LOGIC_COMPARE_TOOLTIP_NEQ": "Өҫтәмәләр тигеҙ булмаһа, дөрөҫ мәғәнәһен кире ҡайтара.",
	"LOGIC_COMPARE_TOOLTIP_LT": "Беренсе өҫтәмә икенсеһенән бәләкәйерәк булһа, дөрөҫ мәғәнәһен кире ҡайтара.",
	"LOGIC_COMPARE_TOOLTIP_LTE": "Беренсе өҫтәмә икенсеһенән бәләкәйерәк йә уға тиң булһа, дөрөҫ мәғәнәһен кире ҡайтара.",
	"LOGIC_COMPARE_TOOLTIP_GT": "Беренсе өҫтәмә икенсеһенән ҙурыраҡ булһа, дөрөҫ мәғәнәһен кире ҡайтара.",
	"LOGIC_OPERATION_AND": "һәм",
	"LOGIC_OPERATION_OR": "йәки",
	"LOGIC_NEGATE_TITLE": "%1 түгел",
	"LOGIC_BOOLEAN_TRUE": "дөрөҫ",
	"LOGIC_BOOLEAN_FALSE": "ялған",
	"LOGIC_BOOLEAN_TOOLTIP": "Дөрөҫ йәки ялғанды ҡайтара.",
	"LOGIC_NULL": "нуль",
	"LOGIC_NULL_TOOLTIP": "Нулде ҡайтара.",
	"LOGIC_TERNARY_CONDITION": "тест",
	"LOGIC_TERNARY_IF_TRUE": "әгәр дөрөҫ булһа",
	"LOGIC_TERNARY_IF_FALSE": "әгәр ялған булһа",
	"MATH_NUMBER_TOOLTIP": "Рәт.",
	"MATH_SINGLE_OP_ABSOLUTE": "абсолют",
	"MATH_IS_EVEN": "тағы",
	"MATH_IS_ODD": "сәйер",
	"MATH_IS_WHOLE": "бөтөн",
	"MATH_IS_POSITIVE": "ыңғай",
	"MATH_IS_NEGATIVE": "тиҫкәре",
	"MATH_IS_DIVISIBLE_BY": "бүленә",
	"MATH_ROUND_OPERATOR_ROUND": "түңәрәк",
	"TEXT_CREATE_JOIN_TITLE_JOIN": "ҡушылығыҙ",
	"TEXT_INDEXOF_INPUT_INTEXT": "текстҡа",
	"TEXT_CHARAT_FROM_START": "хат алырға #",
	"TEXT_GET_SUBSTRING_END_FROM_START": "# хатҡа",
	"TEXT_PRINT_TITLE": "%1 баҫтырырға",
	"LISTS_CREATE_WITH_INPUT_WITH": "менән исемлек төҙөргә",
	"LISTS_CREATE_WITH_CONTAINER_TITLE_ADD": "исемлек",
	"LISTS_LENGTH_TITLE": "оҙонлоғо %1",
	"LISTS_ISEMPTY_TITLE": "%1 буш",
	"LISTS_INLIST": "исемлеккә",
	"LISTS_GET_INDEX_GET": "алырға",
	"LISTS_GET_INDEX_GET_REMOVE": "алырға һәм юйырға",
	"LISTS_GET_INDEX_REMOVE": "юйырға",
	"LISTS_GET_INDEX_FROM_END": "# аҙағынан",
	"LISTS_GET_INDEX_FIRST": "беренсе",
	"LISTS_GET_INDEX_LAST": "аҙаҡҡы",
	"LISTS_GET_INDEX_RANDOM": "осраҡлы",
	"LISTS_SET_INDEX_SET": "йыйылма",
	"LISTS_SET_INDEX_INSERT": "өҫтәп ҡуйырға",
	"LISTS_SET_INDEX_INPUT_TO": "кеүек",
	"PROCEDURES_DEFRETURN_RETURN": "кире ҡайтарыу",
	"PROCEDURES_MUTATORCONTAINER_TITLE": "инеү",
	"PROCEDURES_MUTATORARG_TITLE": "инеү исеме:",
	"PROCEDURES_CREATE_DO": "'%1' төҙөргә"
}
